{
  "春江花月夜": [
    {
      "question": "《春江花月夜》中勾勒出一幅江潮连海，月共潮生的春江月夜的壮丽画面的句子是：_________。",
      "answer": [
        "春江潮水连海平，海上明月共潮生"
      ]
    },
    {
      "question": "《春江花月夜》中写出个人的生命是短暂即逝的，而人类的存在则是绵延久长，表明诗人虽有对人生短暂的感伤，但并不是颓废与绝望的句子是：_________。",
      "answer": [
        "人生代代无穷已，江月年年只相似"
      ]
    },
    {
      "question": "《春江花月夜》中写出江水、天空成一色，没有些微灰尘，只有明亮的一轮孤月高悬空中的句子是：_________。",
      "answer": [
        "江天一色无纤尘，皎皎空中孤月轮"
      ]
    },
    {
      "question": "《春江花月夜》中，清明澄彻的天地宇宙，仿佛使人进入了一个纯净的世界，这就自然地引起了诗人的遐思冥想的句子是：_________。",
      "answer": [
        "江畔何人初见月？江月何年初照人"
      ]
    },
    {
      "question": "《春江花月夜》中写出互相望着月亮可是互相听不到声音，希望随着月光流去照耀着你的句子是：_________。",
      "answer": [
        "此时相望不相闻，愿逐月华流照君"
      ]
    },
    {
      "question": "《春江花月夜》中写出不知有几人能乘着月光回家，只有那西落的月亮摇荡着离情，洒满了江边的树林的句子是：_________。",
      "answer": [
        "不知乘月几人归，落月摇情满江树"
      ]
    },
    {
      "question": "《春江花月夜》中写出不止一家、一处有离愁别恨的句子是：_________。",
      "answer": [
        "谁家今夜扁舟子？何处相思明月楼"
      ]
    },
    {
      "question": "《春江花月夜》中，一轮孤月徘徊中天，象是等待着什么人似的，却又永远不能如愿；月光下，只有大江急流，写出了江月有恨，流水无情的句子是：_________。",
      "answer": [
        "不知江月待何人，但见长江送流水"
      ]
    },
    {
      "question": "《春江花月夜》中写出江水曲曲折折地绕着花草丛生的原野流淌，月光照射着开遍鲜花的树林好像细密的雪珠的闪烁，点染出春江月夜中的奇异之花的句子是：_________。",
      "answer": [
        "江流宛转绕芳甸，月照花林皆似霰"
      ]
    },
    {
      "question": "《春江花月夜》中'白云''青枫浦'托物寓情，写出游子像一片白云缓缓地离去，只剩下思妇站在离别的青枫浦忧愁的句子是：_________。",
      "answer": [
        "白云一片去悠悠，青枫浦上不胜愁"
      ]
    },
    {
      "question": "《春江花月夜》中写出月光像白霜一样从空中流下，照得江畔的白沙看不见的句子是：_________。",
      "answer": [
        "空里流霜不觉飞，汀上白沙看不见"
      ]
    },
    {
      "question": "《春江花月夜》中按照古代传说托鸿雁、鲤鱼捎书带信，但此时没有用的句子是：_________。",
      "answer": [
        "鸿雁长飞光不度，鱼龙潜跃水成文"
      ]
    }
  ]
}