{
  "答司马谏议书": [
    {
      "question": "在《答司马谏议书》中，王安石与司马光虽无缘见面，但对司马光充满了仰慕之情。在结尾用'_________'两句聊表敬意。",
      "answer": [
        "无由会晤，不任区区向往之至"
      ]
    },
    {
      "question": "在《答司马谏议书》一文中，王安石例举盘庚迁都的历史事件：当面对着群起怨恨的百姓，盘庚依然坚守自我，'_________'。",
      "answer": [
        "盘庚不为怨者故改其度，度义而后动，是而不见可悔故也"
      ]
    },
    {
      "question": "司马光批评王安石'侵官、生事、征利、拒谏'，而王安石则认为自己有理有据，在《答司马谏议书》中，'_________'，不为侵官；'_________'，不为生事；'_________'，不为征利；'_________'，不为拒谏。一一作答，自觉问心无愧。",
      "answer": [
        "某则以谓受命于人主，议法度而修之于朝廷，以授之于有司",
        "举先王之政，以兴利除弊",
        "为天下理财",
        "辟邪说，难壬人"
      ]
    },
    {
      "question": "《答司马谏议书》中，王安石用'_________'一句揭示当时士大夫长久以来苟且偷安、墨守成规、附和世俗、讨好众人的面貌，这也是他潜心变法的重要原因。",
      "answer": [
        "人习于苟且非一日，士大夫多以不恤国事、同俗自媚于众为善"
      ]
    },
    {
      "question": "在《答司马谏议书》中，王安石用'今_________'一句概括了司马光对自己的指责，一一作出解释。",
      "answer": [
        "君实所以见教者，以为侵官、生事、征利、拒谏，以致天下怨谤也"
      ]
    },
    {
      "question": "在《答司马谏议书》中，王安石认为如果司马光指责他'_________'。他承认自己的错误，但如果叫他秉承祖法，无所作为，那他就不敢苟同了。",
      "answer": [
        "如君实责我以在位久，未能助上大有为，以膏泽斯民，则某知罪矣"
      ]
    }
  ]
}