{
  "daxue": [
    {
      "question": "在《礼记·大学》中，阐述无论天子还是百姓，都应该修身养性的句子是：_________。",
      "answer": [
        "自天子以至于庶人，壹是皆以修身为本"
      ]
    },
    {
      "question": "要治理好国家，使天下太平，首先要整治好自己的家庭，而整治好家庭的前提是提高自身修养，《礼记·大学》中，表达这个意思的句子是：_________。",
      "answer": [
        "身修而后家齐，家齐而后国治，国治而后天下平"
      ]
    },
    {
      "question": "理学集大成者朱熹所提出的'格物致知'理论来自学《礼记·大学》，该文通过'_________'三句，揭示只有探究万物，才能获取知识，才能意念真诚，才能心思端正。而这些是修养品德的前提。",
      "answer": [
        "物格而后知至，知至而后意诚，意诚而后心正"
      ]
    },
    {
      "question": "《大学之道》中，用'_________'两句强调家庭经营有序与国家治理上轨道的重要性。",
      "answer": [
        "家齐而后国治",
        "国治而后天下平"
      ]
    },
    {
      "question": "《礼记》中《大学之道》一篇中用三句话概括了大学的道理：'_________'。",
      "answer": [
        "在明明德",
        "在亲民",
        "在止于至善"
      ]
    },
    {
      "question": "《大学之道》中用'_________'两句，强调上自天子，下至平民，一切都要以修身为做人处世的根本。",
      "answer": [
        "自天子以至于庶人",
        "壹是皆以修身为本"
      ]
    }
  ]
}