{
    "登高": [
      {
        "question": "杜甫一生失意，常陷入病痛孤独之境，《登高》一诗中对此进行直接描述的两句是：“____________________ ，__________ 。”",
        "answer": [
          "万里悲秋常作客",
          "百年多病独登台"
        ]
      },
      {
        "question": "杜甫的《登高》中道出郁积诗人心中的自身之苦和国运之恨，无限悲凉难以排遣的句子是：“____________________ ，__________ 。”",
        "answer": [
          "艰难苦恨繁霜鬓",
          "潦倒新停浊酒杯"
        ]
      },
      {
        "question": "杜甫的《登高》中，“_______________。”一句描绘秋天落叶飘摇的悲凉之景，“______________”一句则直述自己身体不好还孤身登高。",
        "answer": [
          "无边落木萧萧下",
          "百年多病独登台"
        ]
      },
      {
        "question": "杜甫《登高》中集中表现了夔州秋天的典型特征的句子是“ _______________，_______________。”",
        "answer": [
          "风急天高猿啸哀",
          "渚清沙白鸟飞回"
        ]
      },
      {
        "question": "杜甫《登高》中抓住“猿”“鸟”等意象描写夔州秋天景色的名句是：“_______________，_______________。”",
        "answer": [
          "风急天高猿啸哀",
          "渚清沙白鸟飞回"
        ]
      },
      {
        "question": "杜甫《登高》中，“_______________，_______________。”两句，表现了作者漂泊异乡、年老体衰的处境，也蕴含着要与命运进行抗争的精神。",
        "answer": [
          "万里悲秋常作客",
          "百年多病独登台"
        ]
      },
      {
        "question": "夔州一向以猿多著称，峡口以风大闻名，杜甫在《登高》中体现这一特色的诗句是：“____________________，__________________。”",
        "answer": [
          "风急天高猿啸哀",
          "渚清沙白鸟飞回"
        ]
      },
      {
        "question": "“落叶”是秋的典型特征，在杜甫的《登高》中“__________，__________________”两句描绘了落叶纷纷的壮阔秋景。",
        "answer": [
          "无边落木萧萧下",
          "不尽长江滚滚来"
        ]
      },
      {
        "question": "杜甫在《登高》中，从空间、时间两方面着笔，把久客最易悲秋、多病独自登台的感情融入诗句中的句子是：“__________ ，__________ 。”",
        "answer": [
          "万里悲秋常作客",
          "百年多病独登台"
        ]
      },
      {
        "question": "《登高》中写杜甫一生坎坷，晚年也很艰难，生活困苦，身体多病，所以只好戒酒的句子是：“____________________ ，__________ 。”",
        "answer": [
          "艰难苦恨繁霜鬓",
          "潦倒新停浊酒杯"
        ]
      }
    ]
  }