{
  "登泰山记": [
    {
      "question": "在《登泰山记》中，作者先后用拟人和比喻的修辞手法写出了自己登上泰山山顶时刹那间的感受的句子是：_________。",
      "answer": [
        "山负雪，明烛天南"
      ]
    },
    {
      "question": "在《登泰山记》中，'_________'这两句写出了登泰山时天气的恶劣以及路途的艰辛。",
      "answer": [
        "道中迷雾冰滑，磴几不可登"
      ]
    },
    {
      "question": "在《登泰山记》中，作者在'_________'这四句用很少的笔墨给我们勾画出一幅泰山夕照图，写出了泰山的安详、明媚，以及肃穆中有温柔飘逸美的特殊风韵。",
      "answer": [
        "望晚日照城郭，汶水、徂徕如画，而半山居雾若带然"
      ]
    },
    {
      "question": "在《登泰山记》中，作者写自己在泰山顶上观日出，'_________'一句对天气的描写与前文'迷雾冰滑'照应，再次凸显了天气的恶劣。",
      "answer": [
        "大风扬积雪击面"
      ]
    },
    {
      "question": "在《登泰山记》中，'_________'两句写出了在泰山顶上看到太阳将出时的景色，奇幻无比，为下文写日出的壮观景色作了衬托。",
      "answer": [
        "极天云一线异色，须臾成五采"
      ]
    },
    {
      "question": "《登泰山记》，日出之前，'_________'作者从山巅向下俯视，众山如骰子，这是从对面落笔写出日观亭位于最高处。其中'白'字写出了白雪覆盖群山的概貌。",
      "answer": [
        "稍见云中白若摴蒱数十立者，山也"
      ]
    },
    {
      "question": "《登泰山记》，'_________'用如丹砂一般红的色彩，写出朝阳的无限生气。旭日如丹，倒映在海面上，上下辉映，一片红艳艳，海浪翻滚，红波摇动，犹如承托着太阳一般。",
      "answer": [
        "日上正赤如丹，下有红光动摇承之"
      ]
    }
  ]
}