{
  "阿房宫赋": [
    {
      "question": "言阿房宫占地之广，状其楼阁之高的句子是：_________。",
      "answer": [
        "覆压三百余里，隔离天日"
      ]
    },
    {
      "question": "《阿房宫赋》以人们的主观感受写宫内歌舞盛况，既是借歌舞之纷繁衬托宫殿之众多，又为下文美女充盈宫室预作铺垫的句子是：_________。",
      "answer": [
        "歌台暖响，春光融融；舞殿冷袖，风雨凄凄"
      ]
    },
    {
      "question": "用倒置式的暗喻，以璀璨晶亮的明星来比喻纷纷打开的妆镜，既贴切又形象。将喻体置放在前，先予人以鲜明的画面，令人惊奇，再出现本体，解释原因，使读者印象更为强烈的语句是：_________。",
      "answer": [
        "明星荧荧，开妆镜也"
      ]
    },
    {
      "question": "既在广阔的历史背景上引出阿房宫的修建，又起到了笼盖全篇、暗示主题的作用的句子是：_________。",
      "answer": [
        "六王毕，四海一；蜀山兀，阿房出"
      ]
    },
    {
      "question": "从最普遍的民心人性的角度，说明人心没有区别，都追求幸福快乐，挂念家小，对秦统治者的残民以自肥作了有力的抨击的语句是：_________。",
      "answer": [
        "一人之心，千万人之心也。秦爱纷奢，人亦念其家"
      ]
    },
    {
      "question": "秦的纷奢是建立在对人民的掠夺之上的，并且还挥霍无度，将剥削来的钱财像泥沙一样的浪费掉的语句是：_________。",
      "answer": [
        "奈何取之尽锱铢，用之如泥沙"
      ]
    },
    {
      "question": "文章最后总结，六国和秦国的灭亡都是由于不修自身，咎由自取，怨不得别人的语句是：_________。",
      "answer": [
        "灭六国者六国也，非秦也；族秦者秦也，非天下也"
      ]
    },
    {
      "question": "要吸取历史教训，不要让历史重演，如果不能够吸取教训终将重蹈覆辙的语句是：_________。",
      "answer": [
        "秦人不暇自哀，而后人哀之；后人哀之而不鉴之，亦使后人而复哀后人也"
      ]
    },
    {
      "question": "描写秦始皇喜繁华奢侈，连梁柱上光彩耀目的钉头都比粮仓里的米粒还要多的两句是：_________。",
      "answer": [
        "钉头磷磷，多于在庾之粟粒"
      ]
    },
    {
      "question": "用排比句渲染阿房宫的繁华奢靡，其中把阿房宫所奏之乐与市井言语进行对比的句子是：_________。",
      "answer": [
        "管弦呕哑，多于市人之言语"
      ]
    },
    {
      "question": "《阿房宫赋》用16个字'_________'简明扼要地交代了秦王朝灭亡的历史过程，和篇首'六王毕，四海一，蜀山兀，阿房出'的气势构成鲜明的对比。",
      "answer": [
        "戍卒叫，函谷举，楚人一炬，可怜焦土"
      ]
    },
    {
      "question": "杜牧向当朝统治者敲响警钟的句子是：_________。",
      "answer": [
        "后人哀之而不鉴之，亦使后人而复哀后人也"
      ]
    }
  ]
}