{
    "芣苢": [
      {
        "question": "《芣苢》一诗出自《诗经·周南》，这是妇女们采集野菜时唱的一首民歌，它的起首句是：________，_________________。",
        "answer": [
          "采采芣苢",
          "薄言采之"
        ]
      },
      {
        "question": "《芣苢》一诗中，“采采芣苢，_________________。采采芣苢，_________________”是对采摘过程的细腻观察。",
        "answer": [
          "薄言采之",
          "薄言有之"
        ]
      },
      {
        "question": "《芣苢》一诗中，“采采芣苢，_________________。采采芣苢，_________________”是对收工时满载而归的叙写。",
        "answer": [
          "薄言袺之",
          "薄言襭之"
        ]
      },
      {
        "question": "《芣苢》中,写采芣苢一片一片摘下来的两句是"________，________  "。",
        "answer": [
          "采采芣苢",
          "薄言掇之"
        ]
      },
      {
        "question": "《芣苢》中，描写女子顺着茎成把采取车前草的句子是：___________， _________。",
        "answer": [
          "采采芣苢",
          "薄言捋之"
        ]
      },
      {
        "question": "《芣苢》中，描写女子用衣襟兜住采摘车前草的句子是：___________，________。",
        "answer": [
          "采采芣苢",
          "薄言袺之"
        ]
      },
      {
        "question": "《芣苢》中，描写女子把衣襟掖在腰带上装车前草回家的句子是：________，_________。",
        "answer": [
          "采采芣苢",
          "薄言撷之"
        ]
      },
      {
        "question": "《诗经·芣苢》一诗通过动词的变换，将劳动的细节和劳动的过程真实地表现出来。其中，由"_______________"到"_________________"，是对采摘过程的细腻观察；由"________________"到"__________________"，是对收工时满载而归的叙写。",
        "answer": [
          "薄言掇之",
          "薄言捋之",
          "薄言袺之",
          "薄言襭之"
        ]
      }
    ]
  }