{
    "归园田居（其一）": [
      {
        "question": "《归园田居（其一）》中“___________________，____________________”两句表露了诗人清高孤傲、与世不合的性格，为全诗定下一个基调，同时又是一个伏笔，它是诗人进入官场却终于辞官归田的根本原因。",
        "answer": [
          "少无适俗韵",
          "性本爱丘山"
        ]
      },
      {
        "question": "《归园田居（其一）》中透过“___________________，____________________”两句，我们可以看出诗人生活十分闲适，有很多空闲时间。",
        "answer": [
          "户庭无尘杂",
          "虚室有余闲"
        ]
      },
      {
        "question": "陶渊明《归园田居（其一）》描绘的是田园风光，其诗云：“______________，_____________。狗吠深巷中，鸡鸣桑树颠。”",
        "answer": [
          "暧暧远人村",
          "依依墟里烟"
        ]
      },
      {
        "question": "陶渊明是很多古代诗人的偶像。《归园田居（其一）》写出了很多人的心声：“户庭无尘杂，虚室有余闲。___________________，____________________。”",
        "answer": [
          "久在樊笼里",
          "复得返自然"
        ]
      },
      {
        "question": "《归园田居(其一)》中表明作者不随波逐流，固守节操，回乡开荒种地，过田园生活的句子是：____________________，____________________。",
        "answer": [
          "开荒南野际",
          "守拙归园田"
        ]
      },
      {
        "question": "《归园田居(其一)》中透过“____________________，____________________”两句我们可以看出作者生活十分闲适，有很多空闲时间。",
        "answer": [
          "户庭无尘杂",
          "虚室有余闲"
        ]
      },
      {
        "question": "《归园田居(其一)》中“____________________，____________________”两句表露了作者清高孤傲、与世不合的性格，为全诗定下一个基调，同时又是一个伏笔，它是诗人进入官场却终于辞官归田的根本原因。",
        "answer": [
          "少无适俗韵",
          "性本爱丘山"
        ]
      },
      {
        "question": "陶渊明在《归园田居（其一）》中用鸟和鱼来表达自己对田园和自由的向往的两句诗是：“___________________，___________________。”",
        "answer": [
          "羁鸟恋旧林",
          "池鱼思故渊"
        ]
      },
      {
        "question": "《归园田居（其一）》中揭示陶渊明辞官归隐的主要原因“___________________，___________________。”",
        "answer": [
          "少无适俗韵",
          "性本爱丘山"
        ]
      },
      {
        "question": "陶渊明在《归园田居（其一）》中描写草屋屋后房前优美景色的句子是：“___________________，___________________。”",
        "answer": [
          "榆柳荫后檐",
          "桃李罗堂前"
        ]
      },
      {
        "question": "陶渊明《归园田居（其一）》中“___________________，___________________”两句以鸟、鱼作比，表达了诗人对田园生活的向往。",
        "answer": [
          "羁鸟恋旧林",
          "池鱼思故渊"
        ]
      },
      {
        "question": "陶渊明《归园田居（其一）》中用远景镜头描绘村庄的平静、朦胧和安详特点的句子是“___________________，___________________”。",
        "answer": [
          "暧暧远人村",
          "依依墟里烟"
        ]
      },
      {
        "question": "陶渊明《归园田居（其一）》中“___________________，__________________”两句写鸡狗的叫声，与“蝉噪林逾静，鸟鸣山更幽”有异曲同工之妙，都运用了以声衬静的手法，衬托出一个和谐，安宁的意境。",
        "answer": [
          "狗吠深巷中",
          "鸡鸣桑树颠"
        ]
      },
      {
        "question": "陶渊明《归园田居（其一）》中用比喻手法写出诗人脱离官场、回归田园后的喜悦心情的句子是“___________________，___________________”。",
        "answer": [
          "久在樊笼里",
          "复得返自然"
        ]
      },
      {
        "question": "陶渊明《归园田居（其一）》中“_________，______”两句表露了作者清高孤傲，与世不合的性格，它是诗人进入官场却最终辞官归田的根本原因。",
        "answer": [
          "少无适俗韵",
          "性本爱丘山"
        ]
      },
      {
        "question": "《归园田居（其一）》中描写乡村中常见的句子是“________，_______”。",
        "answer": [
          "狗吠深巷中",
          "鸡鸣桑树颠"
        ]
      },
      {
        "question": "陶渊明《归园田居（其一）》中用“_______，_______”两句描述了屋前屋后绿树成荫、桃李芬芳的美好景色。",
        "answer": [
          "榆柳荫后檐",
          "桃李罗堂前"
        ]
      },
      {
        "question": "《归园田居(其一)》用鸟和鱼来表达自己对田园和自由的向往，这两句诗：________________，________________。",
        "answer": [
          "羁鸟恋旧林",
          "池鱼思故渊"
        ]
      },
      {
        "question": "《归园田居(其一)》揭示陶渊明辞官归隐的根本原因的两句诗：________________，________________。",
        "answer": [
          "少无适俗韵",
          "性本爱丘山"
        ]
      }
    ]
  }