[
    {
      "question": "贾谊在《过秦论》中论述秦国毫不费力取得了西河之地，得益于'_________'实行变法图强的主张、正确的战争策略，为以后秦王扫六合、吞八荒奠定了基础。",
      "answer": [
        "内立法度，务耕织，修守战之具，外连衡而斗诸侯"
      ]
    },
    {
      "question": "秦始皇派遣大将蒙恬到北方去修筑长城并固守边境，把匈奴赶退七百余里，使得匈奴长时间不敢南下进击中原。贾谊《过秦论》中'_________'两句就是对此事件效果的概括。",
      "answer": [
        "胡人不敢南下而牧马，士不敢弯弓而报怨"
      ]
    },
    {
      "question": "贾谊在《过秦论》中指出秦的过失即灭亡的根本原因在于'_________'。",
      "answer": [
        "仁义不施而攻守之势异也"
      ]
    },
    {
      "question": "贾谊用'_________'短短四个句子就写出了陈涉高举义旗并得到天下热烈响应的情况。",
      "answer": [
        "斩木为兵，揭竿为旗，天下云集响应，赢粮而景从"
      ]
    },
    {
      "question": "陈涉揭竿而起，一呼百应，并不是因为陈涉地位超然。对于陈涉的身份，贾谊在《过秦论》一文中交代的很清楚：'_________'出身贫寒和地位低贱，却能天下响应，只因为天下苦秦久矣。",
      "answer": [
        "然陈涉瓮牖绳枢之子，氓隶之人，而迁徙之徒也"
      ]
    },
    {
      "question": "《过秦论》一文中'_________'形象地描写了秦始皇得到天下后，派遣得力的将领、士兵守卫要塞，盘问过往行人的情景。",
      "answer": [
        "良将劲弩守要害之处，信臣精卒陈利兵而谁何"
      ]
    },
    {
      "question": "《过秦论》中秦始皇北却匈奴，焚书愚弄百姓，收缴天下的兵器，又派遣精兵强将把守要害，自认为江山永固的句子是：'_________'。",
      "answer": [
        "自以为关中之固，金城千里，子孙帝王万世之业也"
      ]
    },
    {
      "question": "为了削弱天下的百姓的武力，秦始皇'_________'。自以为江山永固，可万世为王。可贾谊却认为制止暴乱的最好办法不应该这样，而是施以仁义。",
      "answer": [
        "收天下之兵，聚之咸阳，销锋镝，铸以为金人十二"
      ]
    },
    {
      "question": "《过秦论》中最直接反应秦始皇用严酷的刑罚来奴役天下百姓的一句是：'_________'。",
      "answer": [
        "执敲扑而鞭笞天下"
      ]
    },
    {
      "question": "《过秦论》中，贾谊用'_________'两句总结了秦王朝的愚民政策。",
      "answer": [
        "于是废先王之道，焚百家之言"
      ]
    },
    {
      "question": "贾谊文采斐然，在《过秦论》中便用一组排比，'_________'形象概括了秦始皇仰仗武力征服天下诸侯，登上皇帝宝座，奴役天下百姓。",
      "answer": [
        "振长策而御宇内，吞二周而亡诸侯，履至尊而制六合，执敲扑而鞭笞天下"
      ]
    }
  ]