{
  "江城子": [
    {
      "question": "苏轼《江城子》开头三句：_________。排空而下，真情直语，感人至深。",
      "answer": [
        "十年生死两茫茫，不思量，自难忘"
      ]
    },
    {
      "question": "《江城子·十年生死两茫茫》一词中，表现词人梦里归乡，与妻子相见时，'执手相看泪眼，竟无语凝噎'情形的两句：_________。",
      "answer": [
        "相顾无言，惟有泪千行"
      ]
    },
    {
      "question": "_________。苏轼又从梦境落回到现实上来。他设想死者的痛苦，以寓自己的悼念之情。凄清幽独，黯然魂销。正所谓'天长地久有时尽，此恨绵绵无绝期'。",
      "answer": [
        "料得年年肠断处，明月夜，短松冈"
      ]
    },
    {
      "question": "王弗逝世后这十年间，苏轼因反对王安石的新法，在政治上受到压制，到密州后，又逢凶年，忙于处理政务，生活上困苦已极。容颜的苍老，形体的衰败，这时他才四十岁不到，却已经'_________'。明明她辞别人世已经十年，却要'_________'，这是一种绝望的假设，深沉、悲痛，而又无奈。",
      "answer": [
        "尘满面，鬓如霜",
        "纵使相逢应不识"
      ]
    }
  ]
}