{
  "谏太宗十思疏": [
    {
      "question": "在《谏太宗十思疏》中，魏征用'海纳百川'的道理来告诫唐太宗不要骄傲自满的句子是：_________。",
      "answer": [
        "惧满溢，则思江海下百川"
      ]
    },
    {
      "question": "在《谏太宗十思疏》中，魏征用'网开一面'的典故告诫唐太宗要有好生之德，不要过度狩猎的句子是：_________。",
      "answer": [
        "乐盘游，则思三驱以为度"
      ]
    },
    {
      "question": "在《谏太宗十思疏》中，魏征认为如果唐太宗能全面做到'十思'的要求和弘扬'九德'，并且在用人和从谏方面做到'_________'，那么管理好这个国家就是一件很轻松的事了。",
      "answer": [
        "简能而任之，择善而从之"
      ]
    },
    {
      "question": "在中国古代，君王拥有至高无上的权利，常常根据个人喜恶而奖罚臣民，针对这一点，魏征在《谏太宗十思疏》中向唐太宗建议：君王在向臣民施恩时应做到'_________'；而在动用惩罚时应做到'_________'，要赏罚得当。",
      "answer": [
        "则思无因喜以谬赏",
        "则思无因怒而滥刑"
      ]
    },
    {
      "question": "在《谏太宗十思疏》中，魏征用'水能载舟亦能覆舟'作比喻告诉唐太宗要以民为本的句子是：_________。",
      "answer": [
        "载舟覆舟，所宜深慎"
      ]
    },
    {
      "question": "在《谏太宗十思疏》中，文章一开篇，魏征就用生活中的木与水作类比，其目的是为了向唐太宗说明'_________'。",
      "answer": [
        "思国之安者，必积其德义"
      ]
    },
    {
      "question": "在《谏太宗十思疏》中，魏征认为一国之君如果不能做到居安思危、戒奢以俭，不能保持宽厚，不能克制欲望，就好比'_________'，是不可能永远保持政权的和平美好的。",
      "answer": [
        "斯亦伐根以求木茂，塞源而欲流长也"
      ]
    },
    {
      "question": "在《谏太宗十思疏》中，魏征直接指出古代很多帝王不能做到善始善终的句子是：_________。",
      "answer": [
        "有善始者实繁，能克终者盖寡"
      ]
    },
    {
      "question": "在《谏太宗十思疏》中，魏征一针见血地指出古代很多帝王打江山容易、守江山难的原因的句子是：_________。",
      "answer": [
        "夫在殷忧，必竭诚以待下，既得志，则纵情以傲物"
      ]
    },
    {
      "question": "在《谏太宗十思疏》中，魏征在总结历史规律时指出，统治一个国家，如果光靠严刑和威慑的手段来对待老百姓，老百姓会'_________'，不利于国家的稳定。",
      "answer": [
        "终苟免而不怀仁，貌恭而不心服"
      ]
    }
  ]
}