[
    {
      "question": "在《谏逐客书》中，李斯先后列举泰山高大和河海深邃的例子，目的是：_________。",
      "answer": [
        "王者不却众庶，故能明其德"
      ]
    },
    {
      "question": "在《谏逐客书》中，作者开篇即直入主题、表明观点的句子是：_________。",
      "answer": [
        "臣闻吏议逐客，窃以为过矣"
      ]
    },
    {
      "question": "在《谏逐客书》中，作者以事实为依据，以秦国历史上四位善于接纳外来人才的君主为例，并用假设的语气从反面论证不这样做的后果可能是：_________。",
      "answer": [
        "是使国无富利之实，而秦无强大之名也"
      ]
    },
    {
      "question": "在《谏逐客书》中，李斯立足现实，通过对比论证一针见血地指出，同样是非秦国的，如果国君对待外来物和对待外来人采取不同的态度的话，会给人'_________'这样的不良印象。",
      "answer": [
        "然则是所重者在乎色乐珠玉，而所轻者在乎人民也"
      ]
    },
    {
      "question": "《谏逐客书》的中心论点是'_________'，即认为驱逐客卿是错误的。",
      "answer": [
        "臣闻吏议逐客，窃以为过矣"
      ]
    },
    {
      "question": "《谏逐客书》中说'非秦者去，为客者逐'，'_________'，直接落到统一天下这个关键问题，切近要害。",
      "answer": [
        "此非所以跨海内，制诸侯之术"
      ]
    },
    {
      "question": "《谏逐客书》中，李斯用泰山和河海的例子说明君王应重视民众的力量的句子是：'_________'。",
      "answer": [
        "是以太山不让土壤，故能成其大；河海不择细流，故能就其深"
      ]
    }
  ]