{
  "静女": [
    {
      "question": "《静女》中，描写静女送我第一个礼物的句子是：_________。",
      "answer": [
        "静女其娈，贻我彤管"
      ]
    },
    {
      "question": "《静女》中，描写静女送我第二个礼物的句子是：_________。",
      "answer": [
        "自牧归荑，洵美且异"
      ]
    },
    {
      "question": "《静女》中，描写约会时男主人憨厚痴情的句子是：_________。",
      "answer": [
        "爱而不见，搔首踟蹰"
      ]
    },
    {
      "question": "《静女》中，描写男主人爱屋及乌，表达对女子的喜爱的句子是：_________。",
      "answer": [
        "匪女之为美，美人之贻"
      ]
    },
    {
      "question": "《静女》中，描写男主人对女主人所赠的管箫的喜爱的句子是：_________。",
      "answer": [
        "彤管有炜，说怿女美"
      ]
    },
    {
      "question": "《静女》中，描写男主人在城墙角落焦急等待女主人的句子是：_________。",
      "answer": [
        "爱而不见，搔首踟蹰"
      ]
    },
    {
      "question": "《静女》中，'_________'运用双关语来赞美姑娘。",
      "answer": [
        "彤管有炜，说怿女美"
      ]
    },
    {
      "question": "《静女》中，运用移情于物手法，表达爱屋及乌的情感的两句是：_________。",
      "answer": [
        "匪女之为美，美人之贻"
      ]
    }
  ]
}