{
  "李凭箜篌引": [
    {
      "question": "《李凭箜篌引》中运用通感的艺术手法直接描摹乐声激越动听的诗句是：______。",
      "answer": ["昆山玉碎凤凰叫，芙蓉泣露香兰笑"]
    },
    {
      "question": "《李凭箜篌引》中'______'两句，诗人用浪漫夸张的手法，写音响效果。长安城门前的冷气寒光，皇城仙府，全被箜篌声所消融。",
      "answer": ["十二门前融冷光，二十三丝动紫皇"]
    }
  ]
}