{
  "六国论": [
    {
      "question": "苏洵《六国论》评论六国败亡的历史，首段提出'_________'的精辟论点，同时也点出了六国破灭的根本原因。",
      "answer": [
        "六国破灭，非兵不利，战不善，弊在赂秦"
      ]
    },
    {
      "question": "古人写文章爱引用前人话语作为论据，苏洵在《六国论》中便引用'古人云：'以地事秦，_________'来论证贿赂秦国的危害。",
      "answer": [
        "犹抱薪救火，薪不尽，火不灭"
      ]
    },
    {
      "question": "苏洵在《六国论》中借助'_________'，敏锐地指出了对抗秦国的办法，此举会让对方寝食难安。",
      "answer": [
        "以赂秦之地封天下之谋臣，以事秦之心礼天下之奇才"
      ]
    },
    {
      "question": "关于荆轲刺秦王，历来颇多赞语，古人也有对此非议的，如宋朝的苏洵在《六国论》中就这样评论刺秦事件：_________。",
      "answer": [
        "至丹以荆卿为计，始速祸焉"
      ]
    },
    {
      "question": "古人云：以史为鉴，可以知兴替。苏洵在《六国论》中总结六国破亡的原因是：'非兵不利，战不善，_________。'因此，杜牧在《阿房宫赋》中劝诫统治者说：'秦人不暇自哀，而后人哀之；_________。'",
      "answer": [
        "弊在赂秦",
        "后人哀之而不鉴之，亦使后人而复哀后人也"
      ]
    },
    {
      "question": "《六国论》中作者含蓄表明写作目的的句子是：_________。",
      "answer": [
        "苟以天下之大，下而从六国破亡之故事，是又在六国下矣"
      ]
    },
    {
      "question": "《六国论》中作者批评赵国杀害良将，不能武力抗秦坚持到底的句子是：_________。",
      "answer": [
        "洎牧以谗诛，邯郸为郡，惜其用武而不终也"
      ]
    },
    {
      "question": "《六国论》中记叙六国先人开拓疆土十分不易，'_________'。前人筚路蓝缕，辛苦创下的基业，后人却不珍惜。",
      "answer": [
        "思厥先祖父，暴霜露，斩荆棘，以有尺寸之地"
      ]
    },
    {
      "question": "苏洵在《六国论》中告诫统治者不要被强敌积久而成的威势所胁迫的句子是：_________。",
      "answer": [
        "为国者无使为积威之所劫哉"
      ]
    },
    {
      "question": "在《六国论》中，苏洵说明虽然齐国没有贿赂秦国，却也随着五国的灭亡而灭亡，原因是：'_________。'唇亡齿寒，覆巢之下安有完卵！",
      "answer": [
        "与嬴而不助五国也"
      ]
    }
  ]
}