{
  "论语": [
    {
      "question": "在《论语》十二章中，孔子用反问语气强调人要有仁爱之心，否则遵守礼仪也没什么用的句子是：_________。",
      "answer": [
        "人而不仁，如礼何"
      ]
    },
    {
      "question": "在《论语》十二章中，'_________'这两句最能体现孔子的道德价值观：懂得了仁义的道理，就应该用自己的一生去实践它，有时为了捍卫它，甚至不惜牺牲自己的生命。",
      "answer": [
        "朝闻道，夕死可矣"
      ]
    },
    {
      "question": "在《论语》十二章中，反映了'君子'和'小人'不同的价值追求的句子是：_________。",
      "answer": [
        "君子喻于义，小人喻于利"
      ]
    },
    {
      "question": "在《论语》十二章中，既强调榜样的良好作用，又强调要自我反思的句子是：_________。",
      "answer": [
        "见贤思齐焉，见不贤而内自省也"
      ]
    },
    {
      "question": "在《论语》十二章中，孔子用'文'和'质'对'君子'下了定义的句子是：_________。",
      "answer": [
        "文质彬彬，然后君子"
      ]
    },
    {
      "question": "在《论语》十二章中，曾子认为读书人（有志之士）不可以不弘大刚强而有毅力的原因是：_________。",
      "answer": [
        "士不可以不弘毅，任重而道远"
      ]
    },
    {
      "question": "在《论语》十二章中，曾子认为读书人（有志之士）任重道远，具体表现为：'_________'和'_________'。",
      "answer": [
        "仁以为己任",
        "死而后已"
      ]
    },
    {
      "question": "在《论语》十二章中，孔子用堆土成山这一比喻，说明功亏一篑和持之以恒的深刻道理，其中功亏一篑是因为'_________'，而能够持之以恒是因为'_________'。",
      "answer": [
        "吾止也",
        "吾往也"
      ]
    },
    {
      "question": "在《论语》十二章中，孔子认为君子之道主要有三个方面，这三方面分别是：_________。",
      "answer": [
        "知者不惑，仁者不忧，勇者不惧"
      ]
    },
    {
      "question": "在《论语》十二章中，孔子认为做人要将心比心、推己及人，自己都不想做的，就不要希望别人也能做到的句子是：_________。",
      "answer": [
        "己所不欲，勿施于人"
      ]
    },
    {
      "question": "在《论语》十二章中，孔子教育学生要多读《诗经》，因为学诗可以激发热情，可以提高观察力，还'_________'，意思是还可以团结群众，抒发不满。",
      "answer": [
        "可以群，可以怨"
      ]
    },
    {
      "question": "在《论语》十二章中，孔子强调诗的重要性，认为诗可以'_________'，还可以'_________'。",
      "answer": [
        "兴观群怨",
        "迩之事父，远之事君；多识于鸟兽草木之名"
      ]
    },
    {
      "question": "在《论语》十二章中，孔子对有道德、有修养的君子在吃饭和居住方面提出了要求的句子是：_________。",
      "answer": [
        "君子食无求饱，居无求安"
      ]
    },
    {
      "question": "在《论语》十二章中，孔子对君子在做事和说话方面提出了要求：_________，他认为君子做事要敏捷、迅速，但说话要谨慎。",
      "answer": [
        "敏于事而慎于言"
      ]
    },
    {
      "question": "在《论语》十二章中，孔子对君子在吃饭、居住、做事和说话等方面提出了要求以后，还要求君子'_________'，认为只有这样才是好学的表现。",
      "answer": [
        "就有道而正焉"
      ]
    },
    {
      "question": "在《论语》十二章中，孔子认为要克制自己，按照礼的要求去做的句子是：_________。",
      "answer": [
        "克己复礼为仁"
      ]
    },
    {
      "question": "在《论语》十二章中，孔子认为一旦克制自己，按照礼的要求去做了，天下的人就都赞许你是仁人的句子是：_________。",
      "answer": [
        "一日克己复礼，天下归仁焉"
      ]
    },
    {
      "question": "在《论语》十二章中，孔子认为实行仁德，在于自己，不在于别人的句子是：_________。",
      "answer": [
        "为仁由己，而由人乎哉"
      ]
    }
  ]
}