{
    "梦游天姥吟留别": [
      {
        "question": "古代诗词常以“月”烘托意境，比如李白的《梦游天姥吟留别》中的“__________________，_________________”。",
        "answer": [
          "湖月照我影",
          "送我至剡溪"
        ]
      },
      {
        "question": "李白的《梦游天姥吟留别》中表现诗人蔑视权贵的句子是“_______________，_______________？”。",
        "answer": [
          "安能摧眉折腰事权贵",
          "使我不得开心颜"
        ]
      },
      {
        "question": "李白善于描写想象的世界，他在《梦游天姥吟留别》中描写云中仙人出场时的穿着与出行工具的诗句“_______________”和“___________________”，令人叹为观止。",
        "answer": [
          "霓为衣兮风为马",
          "虎鼓瑟兮鸾回车"
        ]
      },
      {
        "question": "李白的《梦游天姥吟留别》中由现实转入梦境的过渡句是“_____________，__________”。",
        "answer": [
          "我欲因之梦吴越",
          "一夜飞度镜湖月"
        ]
      },
      {
        "question": "李白的《梦游天姥吟留别》中由梦境转入现实的过渡句是“__________，__________”。",
        "answer": [
          "忽魂悸以魄动",
          "恍惊起而长嗟"
        ]
      },
      {
        "question": "《梦游天姥吟留别》流露出诗人对人生的几多失意和深沉的感慨，此时此刻诗人感到最能抚慰心灵的句子是“_____________，_____________”。在诗人看来，徜徉山水的乐趣，才是最快意的。",
        "answer": [
          "且放白鹿青崖间",
          "须行即骑访名山"
        ]
      },
      {
        "question": "李白在《梦游天姥吟留别》中，以“________________，__________________”两句写登天姥仙山的所见所闻，只见东方的海中涌出一轮红日，四周是苍翠的群山，耳际是山顶的天鸡的叫声。",
        "answer": [
          "半壁见海日",
          "空中闻天鸡"
        ]
      },
      {
        "question": "《梦游天姥吟留别》中，用“月”烘托意境的句子是“______________，______________”。",
        "answer": [
          "湖月照我影",
          "送我至剡溪"
        ]
      },
      {
        "question": "《梦游天姥吟留別》中，描写云中仙人出场时的穿着与出行工具的诗句“________________”和“___________________”令人叹为观止。",
        "answer": [
          "霓为衣兮风为马",
          "虎鼓瑟兮鸾回车"
        ]
      },
      {
        "question": "《梦游天姥吟留別》中，写天姥山巍峨挺拔的句子是“________________，________________。________________，________________”。",
        "answer": [
          "天姥连天向天横",
          "势拔五岳掩赤城",
          "天台四万八千丈",
          "对此欲倒东南倾"
        ]
      },
      {
        "question": "《梦游天姥吟留别》中，由现实转人梦境的句子是“________________，________________”。",
        "answer": [
          "我欲因之梦吴越",
          "一夜飞度镜湖月"
        ]
      },
      {
        "question": "《梦游天姥吟留别》中，由梦境转入现实的句子是“________________，________________。________________，________________”。",
        "answer": [
          "忽魂悸以魄动",
          "恍惊起而长嗟",
          "惟觉时之枕席",
          "失向来之烟霞"
        ]
      },
      {
        "question": "《梦游天姥吟留别》中，描写南朝诗人谢灵运住过的地方溪水清澈、猿啼凄清的句子是“________________，________________”。",
        "answer": [
          "谢公宿处今尚在",
          "渌水荡漾清猿啼"
        ]
      },
      {
        "question": "《梦游天姥吟留别》中，“________________，________________。________________，________________”。四句写仙境的石门訇然打开，放眼望去，天空广阔，不见边际，在日月光辉的照耀下，金银筑成的楼台发出夺目的光彩。",
        "answer": [
          "洞天石扉",
          "訇然中开",
          "青冥浩荡不见底",
          "日月照耀金银台"
        ]
      },
      {
        "question": "当不愿意低三下四去侍奉权贵的时候，许多有志之士往往用《梦游天姥吟留别》中的名句“________________，________________”。来表明自己的态度。",
        "answer": [
          "安能摧眉折腰事权贵",
          "使我不得开心颜"
        ]
      },
      {
        "question": "—些古典诗词都曾流露出某种消极情绪。当感到失落，想发泄内心的愁苦时，我们可以吟咏“________________，________________”。",
        "answer": [
          "世间行乐亦如此",
          "古来万事东流水"
        ]
      },
      {
        "question": "《梦游天姥吟留别》中最能表现李白性格的句子是：_________，_________。",
        "answer": [
          "安能摧眉折腰事权贵",
          "使我不得开心颜"
        ]
      },
      {
        "question": "李白的《梦游天姥吟留别》中由现实转入梦境的过渡句是：___________，_______________ 。",
        "answer": [
          "我欲因之梦吴越",
          "一夜飞度镜湖月"
        ]
      },
      {
        "question": "浪漫主义诗人李白善于描写想象的世界，他在《梦游天姥吟留别》中，描写云中仙人出场时的穿着与出行工具的诗句“___________”和“_________”令人叹为观止。",
        "answer": [
          "霓为衣兮风为马",
          "虎鼓瑟兮鸾回车"
        ]
      },
      {
        "question": "《梦游天姥吟留别》中“___________________，____________________两句，描写天姥山上的天气和环境，渲染了紧张凝重的气氛，为下文仙人出场做了铺垫。",
        "answer": [
          "云青青兮欲雨",
          "水澹澹兮生烟"
        ]
      },
      {
        "question": "《梦游天姥吟留别》中诗人直抒胸臆，表现蔑视权贵、不卑不屈的态度的句子________________，________________________。",
        "answer": [
          "安能摧眉折腰事权贵",
          "使我不得开心颜"
        ]
      },
      {
        "question": "浪漫主义诗人李白善于描写想象的世界，他在《梦游天姥吟留别》中，描写云中仙人出场时穿着的诗句“霓为衣兮风为马”与出行工具的诗句“________________”令人叹为观止。",
        "answer": [
          "虎鼓瑟兮鸾回车"
        ]
      },
      {
        "question": "《梦游天姥吟留别》中最能表现作者鄙弃权臣贵戚的傲骨的性格（或主旨）的句子是：________________，________________！",
        "answer": [
          "安能摧眉折腰事权贵",
          "使我不得开心颜"
        ]
      }
    ]
  }