{
  "念奴娇·过洞庭": [
    {
      "question": "《念奴娇·过洞庭》中，以江为酒，对星细酌，万物为友，用奇崛想象之语表达词人愉悦的心境和豪迈的气度的句子是：_________。",
      "answer": [
        "尽挹西江，细斟北斗，万象为宾客"
      ]
    },
    {
      "question": "《念奴娇·过洞庭》中，词人描写秋月秋水之美，美在澄澈，上上下下，里里外外，没有一丝一毫浑浊的词句是：_________。",
      "answer": [
        "素月分辉，明河共影，表里俱澄澈"
      ]
    },
    {
      "question": "《念奴娇·过洞庭》中，词人敲击船沿、仰天长啸，抒发出自己的满腔豪情，似乎忘却时间的句子是：_________。",
      "answer": [
        "扣舷独啸，不知今夕何夕"
      ]
    },
    {
      "question": "《念奴娇·过洞庭》中，写天人合的美妙只可意会不可言传的词句是：_________。",
      "answer": [
        "悠然心会，妙处难与君说"
      ]
    },
    {
      "question": "《念奴娇·过洞庭》中，词人由洞庭湖的澄澈，想起自己在岭表一年因被谗而免职的经历，感慨系之的句子是：_________。",
      "answer": [
        "应念岭表经年，孤光自照，肝胆皆冰雪"
      ]
    },
    {
      "question": "《念奴娇·过洞庭》中，点出了在这秋草无色，秋水无波，美玉一般的空灵画面上，湖上的一叶扁舟分外突出，真似仙境的句子是：_________。",
      "answer": [
        "玉鉴琼田三万顷，着我扁舟一叶"
      ]
    }
  ]
}