{
    "念奴娇·赤壁怀古": [
      {
        "question": "《念奴娇·赤壁怀古》中表现千百年来，才华横溢的英雄豪杰都被长江淘洗干净的词句是：_______________，_____________，_____________。",
        "answer": [
          "大江东去",
          "浪淘尽",
          "千古风流人物"
        ]
      },
      {
        "question": "苏轼《念奴娇·赤壁怀古》中，运用比喻修辞情写赤壁的险要地势的词句是：_______________，_____________，_____________。",
        "answer": [
          "乱石穿空",
          "惊涛拍岸",
          "卷起千堆雪"
        ]
      },
      {
        "question": "苏轼《念奴娇·赤壁怀古》中“_________________，_________________”两句，收束了对赤壁雄奇景物的描写，引起后面对历史的缅怀。",
        "answer": [
          "江山如画",
          "一时多少豪杰"
        ]
      },
      {
        "question": "苏轼在《念奴娇·赤壁怀古》中从不同方面对周瑜的形象进行了刻画，“_________________”以婚事衬托其少年得意；“_________________”写其装束，表现了他的儒雅风度。",
        "answer": [
          "小乔初嫁了",
          "羽扇纶巾"
        ]
      },
      {
        "question": "苏轼《念奴娇·赤壁怀古》中“_________________，_________________”两句分别从神态描写和侧面描写的角度，把周瑜面对敌军时的从容自信刻画得淋漓尽致。",
        "answer": [
          "谈笑间",
          "樯橹灰飞烟灭"
        ]
      },
      {
        "question": "《念奴娇·赤壁怀古》中，苏轼以洒酒祭奠江月的豪举来抒发人生似梦，壮志难酬的感慨的句子是：_________________，_________________。",
        "answer": [
          "人生如梦",
          "一尊还酹江月"
        ]
      },
      {
        "question": "苏轼《念奴娇·赤壁怀古》中“_______________，________________”两句，收束了对赤壁雄奇景物的描写，引起后面对历史的缅怀。",
        "answer": [
          "江山如画",
          "一时多少豪杰"
        ]
      },
      {
        "question": "苏轼《念奴娇·赤壁怀古》中借美女衬托英雄人物的的句子是“____________，__________ ，___________________ ”。",
        "answer": [
          "小乔初嫁了",
          "雄姿英发",
          "羽扇纶巾"
        ]
      },
      {
        "question": "苏轼《念奴娇·赤壁怀古》中表现周瑜有儒将风度，且指挥若定的句子是“_______________________，________________________”。",
        "answer": [
          "羽扇纶巾",
          "谈笑间，樯橹灰飞烟灭"
        ]
      },
      {
        "question": "《念奴娇·赤壁怀古》中，苏轼以洒酒祭奠江月的豪举来抒发人生似梦、壮志难酬的感叹的句子是“______________，_________________”。",
        "answer": [
          "人生如梦",
          "一尊还酹江月"
        ]
      },
      {
        "question": "苏轼《念奴娇.赤壁怀古》中“__________，__________”两句，收束了对赤壁雄奇景物的描写，引起后面对历史人物的缅怀。",
        "answer": [
          "江山如画",
          "一时多少豪杰"
        ]
      },
      {
        "question": "《念奴娇·赤壁怀古》中“__________，__________”两句写词人感慨人生的短暂，情不自禁将酒洒在地上，以表示凭吊。",
        "answer": [
          "人生如梦",
          "一尊还酹江月"
        ]
      },
      {
        "question": "苏轼的《念奴娇·赤壁怀古》和《赤壁赋》中都有对英雄人物的精彩描绘：周瑜“雄姿英发。羽扇纶巾，__________，__________”，曹操“酾酒临江，横槊赋诗”。",
        "answer": [
          "谈笑间",
          "樯橹灰飞烟灭"
        ]
      },
      {
        "question": "《念奴娇·赤壁怀古》中具体描写赤壁景象的句子是：__________，__________，__________。",
        "answer": [
          "乱石穿空",
          "惊涛拍岸",
          "卷起千堆雪"
        ]
      },
      {
        "question": "《念奴娇·赤壁怀古》下片，表达诗人旷达之情的句子是：_______， _________。",
        "answer": [
          "人生如梦",
          "一尊还酹江月"
        ]
      },
      {
        "question": "苏轼《念奴娇·赤壁怀古》________________， _____________ 。描绘了周瑜的英气勃发。",
        "answer": [
          "雄姿英发",
          "羽扇纶巾"
        ]
      },
      {
        "question": "《念奴娇•赤壁怀古》中表达诗人旷达之情的句子是 “____________________________,_______________________________.”",
        "answer": [
          "人生如梦",
          "一尊还酹江月"
        ]
      },
      {
        "question": "《念奴娇•赤壁怀古》中描写周瑜轻松从容大败曹军的诗句是 “_______________________________,_____________________________.”",
        "answer": [
          "谈笑间",
          "樯橹灰飞烟灭"
        ]
      },
      {
        "question": "《念奴娇•赤壁怀古》中描写小乔刚刚和周瑜结婚，周瑜意气风发的诗句是 “______________________________,_______________________________.”",
        "answer": [
          "小乔初嫁了",
          "雄姿英发"
        ]
      },
      {
        "question": "《念奴娇•赤壁怀古》中感叹自己多愁善感，过早长出花白头发的诗句是 “_______________________________,_______________________________.”",
        "answer": [
          "多情应笑我",
          "早生华发"
        ]
      }
    ]
  }