{
  "琵琶行": [
    {
      "question": "《琵琶行》中'_________'一句点明诗人秋夜送别友人这一事件并渲染出悲凉气氛。",
      "answer": [
        "浔阳江头夜送客，枫叶荻花秋瑟瑟"
      ]
    },
    {
      "question": "《琵琶行》中'_________'两句揭示了琵琶女不愿出场但又盛情难却、犹豫不决的矛盾心情。",
      "answer": [
        "千呼万唤始出来，犹抱琵琶半遮面"
      ]
    },
    {
      "question": "《琵琶行》中琵琶女年长色衰后，嫁做商人妇。'_________'两句借月烘托琵琶女独守空船的凄清心情。",
      "answer": [
        "去来江口守空船，绕船月明江水寒"
      ]
    },
    {
      "question": "《琵琶行》中用'比'的手法，描摹琵琶乐音和旋律的变化，如表现急切而愉悦情调的句子是'_________'，表现旋律婉转而流畅的句子是'_________'，表现热烈紧张场面的句子是'_________'。乐曲的终止也写得很好：'_________'使听众继续沉浸在乐曲的境界里。",
      "answer": [
        "嘈嘈切切错杂弹，大珠小珠落玉盘",
        "间关莺语花底滑",
        "银瓶乍破水浆迸，铁骑突出刀枪鸣",
        "曲终收拨当心画，四弦一声如裂帛"
      ]
    },
    {
      "question": "《琵琶行》运用侧面烘托的方法描写琵琶女技艺高超、美丽出众的诗句是：_________。",
      "answer": [
        "曲罢曾教善才服，妆成每被秋娘妒"
      ]
    },
    {
      "question": "《琵琶行》中琵琶女年轻时五陵的少年争相敬献殷勤，而当她年老色衰之后则是'_________'，门可罗雀，嫁于商人。",
      "answer": [
        "门前冷落鞍马稀，老大嫁作商人妇"
      ]
    },
    {
      "question": "《琵琶行》中，琵琶女第三次音乐演奏之后诗人的表现是：_________。",
      "answer": [
        "座中泣下谁最多？江州司马青衫湿"
      ]
    },
    {
      "question": "诗中将琵琶女的命运与诗人的身世联系起来的句子（也是诗眼、主旨句）是：_________。",
      "answer": [
        "同是天涯沦落人，相逢何必曾相识"
      ]
    },
    {
      "question": "《琵琶行》总写琵琶女的演奏时，先用'_________'校弦试音，但诗人却用'_________'来赞叹，一个'情'字写出了琵琶女的内心世界是波涛汹涌的，也暗示下文的音乐描写将会是琵琶女内心积聚情感的爆发。",
      "answer": [
        "转轴拨弦三两声",
        "未成曲调先有情"
      ]
    },
    {
      "question": "《琵琶行》善于运用各种生动的比喻描绘音乐形象，不仅以声写声，而且还兼有以形写声的特点，即用听觉形象、视觉形象联合起来通比音乐，使得琵琶女的弹奏非常具体形象。如写大小弦合奏时就是这样描述的：_________。再如，诗人还用旋律的变化写出了先'滑'后'涩'的两种音乐意境：_________。还如，诗人用自己独特的感受来描绘余音袅袅、余意无穷的音乐境界：_________。把琵琶女的情感暗流推向高潮的音乐描写是：_________。运用侧面描写表现琵琶女弹奏技艺高超、音乐具有让人回味无穷的艺术境界的诗句是：_________。",
      "answer": [
        "嘈嘈切切错杂弹，大珠小珠落玉盘",
        "间关莺语花底滑，幽咽泉流冰下难",
        "别有幽愁暗恨生，此时无声胜有声",
        "银瓶乍破水浆迸，铁骑突出刀枪鸣",
        "东船西舫悄无言，唯见江心秋月白"
      ]
    },
    {
      "question": "音乐由'冷涩'到'凝绝'，是一个'声渐歇'的过程，诗人用'_________'的佳句描绘了余音袅袅、余意无穷的艺术境界，令人拍案叫绝。",
      "answer": [
        "别有幽愁暗恨生，此时无声胜有声"
      ]
    },
    {
      "question": "在《琵琶行》一诗中，当琵琶女自诉身世时，'我'情感被激，发出了'_________'的感慨，忍不住说出了自己的遭遇，因此才有了同声相应的诗文。",
      "answer": [
        "同是天涯沦落人，相逢何必曾相识"
      ]
    },
    {
      "question": "《琵琶行》中，诗人自叙被贬之后居住环境的诗句是：_________。",
      "answer": [
        "住近湓江地低湿，黄芦苦竹绕宅生"
      ]
    },
    {
      "question": "《明湖居听书》写小玉说书时，'满园子的人都屏气凝神，不敢少动，忽听霍然一声，人弦俱寂'，展现了听书人的投入，侧面反映出说书人的技艺卓绝。《琵琶行》中也有类似情景，以表现琵琶女的高超技艺，这些诗句是'_________'。",
      "answer": [
        "东船西舫悄无言，唯见江心秋月白"
      ]
    },
    {
      "question": "《琵琶行》写琵琶女弹奏都用了多次侧面描写：一次，'忽闻水上琵琶声'，侧面描写的句子是主人忘归客不发；第二次当'四弦一声如裂帛'结束弹奏后，诗人用'_________'来进行侧面描写；最后一次'凄凄不似向前声'，作者又用'_________'作侧面描写。",
      "answer": [
        "东船西舫悄无言，唯见江心秋月白",
        "满座重闻皆掩泣，座中泣下谁最多？江州司马青衫湿"
      ]
    },
    {
      "question": "张中行先生为一幅国画题联，上联是'何处少墨同多墨'，下联如从《琵琶行》中选句，应是'_________'。",
      "answer": [
        "此时无声胜有声"
      ]
    }
  ]
}