{
  "将进酒": [
    {
      "question": "在《将进酒》中，'_________'两句成功地塑造了一个自信、豪迈、洒脱的诗人形象，千百年来为人们所传颂。",
      "answer": [
        "天生我材必有用，千金散尽还复来"
      ]
    },
    {
      "question": "在《将进酒》中，诗人举曹植为例，表面上是在谈喝酒，实际上是表达了和曹植一样遭人排挤、有志难展的愤懑之情的句子是：'_________'。",
      "answer": [
        "陈王昔时宴平乐，斗酒十千恣欢谑"
      ]
    },
    {
      "question": "在《将进酒》中，'酒'是全诗的核心话题，也是诗人的感情寄托，其中从'_________'这一句可以看出诗人酒量之大，酒气之豪，'_________'两句则可以看出诗人劝酒时的直率与豪爽。",
      "answer": [
        "会须一饮三百杯",
        "将进酒，杯莫停"
      ]
    },
    {
      "question": "在《将进酒》中，诗人以黄河之水开篇，气势磅礴，极具浪漫主义色彩的句子是：_________。",
      "answer": [
        "君不见，黄河之水天上来，奔流到海不复回"
      ]
    },
    {
      "question": "在《将进酒》中，诗人用夸张的手法表达人生易老、时光易逝的感慨之情的句子是：_________。",
      "answer": [
        "君不见，高堂明镜悲白发，朝如青丝暮成雪"
      ]
    },
    {
      "question": "《将进酒》表现了诗人对自己才能力量的充分肯定和屡遭失败之后不肯屈服的倔强性格的诗句是：_________。",
      "answer": [
        "天生我材必有用，千金散尽还复来"
      ]
    },
    {
      "question": "《将进酒》'_________'两句是诗人的豪情，也是他的愤慨之语，充分肯定'饮者'的地位。",
      "answer": [
        "古来圣贤皆寂寞，惟有饮者留其名"
      ]
    },
    {
      "question": "《将进酒》中抒写万古寂寞之愁的诗句是：_________。",
      "answer": [
        "古来圣贤皆寂寞，惟有饮者留其名"
      ]
    },
    {
      "question": "《将进酒》中'_________'两句是诗人酒后的狂言，也是酒后的真言；是诗的豪放，更是诗人的愤激。",
      "answer": [
        "钟鼓馔玉不足贵，但愿长醉不复醒"
      ]
    },
    {
      "question": "《将进酒》表现作者对权贵的否定，又无改变现实，以消极的办法反抗的诗句是：_________。",
      "answer": [
        "钟鼓馔玉不足贵，但愿长醉不复醒"
      ]
    },
    {
      "question": "《将进酒》气势惊人，以时间空间范畴夸张，以比喻来表现人生易逝，将黄河的永恒伟大反衬生命短暂渺小脆弱的诗句是：_________。",
      "answer": [
        "君不见高堂明镜悲白发，朝如青丝暮成雪"
      ]
    },
    {
      "question": "《将进酒》举古人为例，呼应只有饮者留其名，表现自我忧愤不平的句子是：_________。",
      "answer": [
        "陈王昔时宴平乐，斗酒十千恣欢谑"
      ]
    },
    {
      "question": "《将进酒》中由悲而乐，表面上宣扬及时行乐，实为宣泄愤激之情，暂时沉醉酒乡的诗句是：_________。",
      "answer": [
        "人生得意须尽欢，莫使金樽空对月"
      ]
    },
    {
      "question": "《将进酒》一诗中，情致渐致狂放，与开篇的悲相关合，万古愁的含义更显深沉，表现诗人奔涌跌宕的感情激流一句是：_________。",
      "answer": [
        "五花马，千金裘，呼儿将出换美酒，与尔同销万古愁"
      ]
    }
  ]
}