{
    "沁园春·长沙": [
        {
            "question": "面对大千世界，词人发出慨叹，表现词人雄心壮志的词句是：",
            "answer": [
                "怅寥廓",
                "问苍茫大地",
                "谁主沉浮"
            ]
        },
        {
            "question": "“__________ 。__________ ”两句在《沁园春·长沙》中起过渡作用，描写词人旧地重游，引发了对往昔生活的回忆。",
            "answer": [
                "携来百侣曾游",
                "忆往昔峥嵘岁月稠"
            ]
        },
        {
            "question": "在《沁园春·长沙》中表现同学少年评论国家大事，写出激浊扬清的文章，蔑视反动者的词句是：",
            "answer": [
                "指点江山",
                "激扬文字",
                "粪土当年万户侯"
            ]
        },
        {
            "question": "《沁园春·长沙》中“__________ ，__________ ”用夸张手法写出了劈波斩浪的气魄。",
            "answer": [
                "到中流击水",
                "浪遏飞舟"
            ]
        },
        {
            "question": "《沁园春·长沙》中用动物来表现生机勃勃的秋景的两句是：",
            "answer": [
                "鹰击长空",
                "鱼翔浅底"
            ]
        },
        {
            "question": "《沁园春·长沙》中“__________ ，__________ ”两句表现了青年学子意气奔放，正当强劲有力之时。",
            "answer": [
                "书生意气",
                "挥斥方遒"
            ]
        },
        {
            "question": "《沁园春·长沙》中点明时间、地点和特定的环境的句子是“__________ ，__________ ，__________ 。”",
            "answer": [
                "独立寒秋",
                "湘江北去",
                "橘子洲头"
            ]
        },
        {
            "question": "《沁园春·长沙》中运用对偶的手法描写动态景物的两句是“__________ ，__________ 。”",
            "answer": [
                "鹰击长空",
                "鱼翔浅底"
            ]
        },
        {
            "question": "《沁园春·长沙》中，词人面对“万类霜天竞自由”的自然之景，发出了“__________ ，__________ ”的慨叹，表现了自己的雄心壮志。",
            "answer": [
                "问苍茫大地",
                "谁主沉浮"
            ]
        },
        {
            "question": "《沁园春·长沙》中，“__________ 。__________ ”两句引出词人对往昔生活的追忆。",
            "answer": [
                "携来百侣曾游",
                "忆往昔峥嵘岁月稠"
            ]
        },
        {
            "question": "《沁园春·长沙》中以设问结尾，巧妙回答“谁主沉浮”这一问题的句子是“__________ ，__________ ，__________ ”。",
            "answer": [
                "曾记否",
                "到中流击水",
                "浪遏飞舟"
            ]
        },
        {
            "question": "《沁园春·长沙》上片中描写近景并使用动静结合手法的句子是：“____________，____________。”",
            "answer": [
                "漫江碧透",
                "百舸争流"
            ]
        },
        {
            "question": "《沁园春·长沙》中起过渡作用的句子是：“____________，____________。”",
            "answer": [
                "携来百侣曾游",
                "忆往昔峥嵘岁月稠"
            ]
        },
        {
            "question": "《沁园春·长沙》一词中表现青年学子撰写文章评论国事的句子是：“____________，____________。”",
            "answer": [
                "指点江山",
                "激扬文字"
            ]
        },
        {
            "question": "《沁园春·长沙》中表现词人年轻时评论时政，书写激浊扬清文章的两句是：",
            "answer": [
                "指点江山",
                "激扬文字"
            ]
        },
        {
            "question": "《沁园春·长沙》中表现了词人年轻时意气奔放，强劲有力的两句是：",
            "answer": [
                "书生意气",
                "挥斥方遒"
            ]
        },
        {
            "question": "《沁园春·长沙》中景物描写富有层次，其中最具动态美的两句是：",
            "answer": [
                "鹰击长空",
                "鱼翔浅底"
            ]
        }
    ]
}