[
    {
      "question": "_________是说君子的天赋本性跟其他人并没有什么不同，然而最终却超过一般人，是因为_______说明了利用学习可以弥补自己不足的道理。",
      "answer": [
        "君子生非异也，善假于物也"
      ]
    },
    {
      "question": "《荀子·劝学》中用对比的手法说明'学'与'思'关系的名句是：_________。",
      "answer": [
        "吾尝终日而思矣，不如须臾之所学也"
      ]
    },
    {
      "question": "荀子认为人的知识、道德、才能是后天不断广泛学习改造获得的。'金'要锋利，需'就砺'；人要改造成为'_________'的君子，就要'_________'。",
      "answer": [
        "知明而行无过，博学而日三省乎己"
      ]
    },
    {
      "question": "儒道两家都曾用行路来形象地论述了积累的重要性。《老子》中说'九层之台，起于累土；千里之行，始于足下。'而荀子在《劝学》中则说：_________。",
      "answer": [
        "故不积跬步，无以至千里"
      ]
    },
    {
      "question": "《荀子·劝学》指出：'_________'。这与韩愈《师说》中，'是故弟子不必不如师，师不必贤于弟子'的观点是相同的。",
      "answer": [
        "青，取之于蓝，而青于蓝"
      ]
    },
    {
      "question": "《荀子·劝学》中的'_________'二句，通过'木'与'金'的变化来进一步说明客观事物经过人工改造，可以改变原来的状况。",
      "answer": [
        "故木受绳则直，金就砺则利"
      ]
    },
    {
      "question": "'_________'却能'上食埃土，下饮黄泉'的'用心一'和螃蟹虽有六跪而二螯，然'_________'形成鲜明对比，突出了学习必须用心专一，才能获得成功。",
      "answer": [
        "蚓无爪牙之利，筋骨之强，非蛇鳝之穴无可寄托者，用心躁也"
      ]
    },
    {
      "question": "善于'站在巨人的肩膀上'的人总是更容易成功，《劝学》中表达上述意思的概括性的两句是：_________。",
      "answer": [
        "君子生非异也，善假于物也"
      ]
    },
    {
      "question": "《荀子·劝学》中开篇就提出了中心论点，即'_________'，在后面阐明了学习要持之以恒，并在后来形成常用成语的句子是：_________。",
      "answer": [
        "学不可以已，锲而不舍，金石可镂"
      ]
    },
    {
      "question": "孔子曰：'学而时习之'，又说：'生而知之者上也，学而知之者次也。'荀子在《劝学》中提出'_________'的观点，继承并发展了孔子对学习的认识。",
      "answer": [
        "学不可以已"
      ]
    },
    {
      "question": "刘禹锡诗云：'芳林新叶催新叶，流水前波让后波。'和荀子《劝学》中的'_________'都表达出学生可以超过老师或后人超过前人的思想。",
      "answer": [
        "青，取之于蓝，而青于蓝"
      ]
    },
    {
      "question": "《荀子·劝学》中指出：'_________'与韩愈的'是故弟子不必不如师，师不必贤于弟子'的思想一致。",
      "answer": [
        "青，取之于蓝，而青于蓝"
      ]
    },
    {
      "question": "'_________'，通过'木'于'金'的变化来进一步说明客观事物经过人工改造，可以改变原来的状况。",
      "answer": [
        "故木受绳则直，金就砺则利"
      ]
    },
    {
      "question": "荀子认为人的知识、道德、才能是后天不断广泛学习改造获得的。'金'要锋利，需'就砺'；人要改造成为'_________'的君子，就要'_________'，可见，学习的意义是十分重大的。",
      "answer": [
        "知明而行无过，博学而日三省乎己"
      ]
    },
    {
      "question": "《荀子·劝学》中'_________'强调了整天空想不如片刻学习收获大的道理。",
      "answer": [
        "吾尝终日而思矣，不如须臾之所学也"
      ]
    },
    {
      "question": "'_________'是说君子的天赋本性跟其他人并没有什么不同，然而最终却超过一般人，是因为'_________'说明了利用学习可以弥补自己不足的道理。",
      "answer": [
        "君子生非异也，善假于物也"
      ]
    },
    {
      "question": "古代诗文中，有许多借助描写'风雨'来抒发情感的的名句。而《荀子·劝学》中则用'_________'来形象论述积累的重要性。",
      "answer": [
        "积土成山，风雨兴焉"
      ]
    },
    {
      "question": "只要坚持，就会成功。正如《荀子·劝学》中说：'_________'。",
      "answer": [
        "锲而不舍，金石可镂"
      ]
    },
    {
      "question": "'_________'，却能'上食埃土，下饮黄泉'的'用心一'和螃蟹虽有六跪而二螯，然'_________'形成鲜明对比，突出了学习必须用心专一，才能获得成功。",
      "answer": [
        "蚓无爪牙之利，筋骨之强，非蛇鳝之穴无可寄托者，用心躁也"
      ]
    },
    {
      "question": "人们常说，活到老，学到老，荀子《劝学》篇中的'_________'这句话印证了这句话。",
      "answer": [
        "学不可以已"
      ]
    },
    {
      "question": "韩愈《师说》中'_________，是故弟子不必不如师，师不必贤于弟子'这句话与荀子《劝学》中的'_________'观点相同。",
      "answer": [
        "三人行，则必有我师，青，取之于蓝，而青于蓝"
      ]
    },
    {
      "question": "荀子在《劝学》中说，君子需要通过广泛学习来提升自己的两个句子是：_________。",
      "answer": [
        "君子博学而日参省乎己，则知明而行无过矣。"
      ]
    },
    {
      "question": "《劝学》开篇就提出了全文的中心论点，即'_________'。在后面又阐明了学习要持之以恒的句子是：_________。",
      "answer": [
        "学不可以已，锲而舍之，朽木不折；锲而不舍，金石可镂"
      ]
    }
  ]