{
  "question": "秦观在《鹊桥仙》中赞叹牛郎织女一年一度的七夕相会胜似人间长相厮守的美好，正是_________。",
  "answer": [
    "金风玉露一相逢，便胜却人间无数"
  ]
},
{
  "question": "秦观在《鹊桥仙》中表明爱情天长地久，不在一朝一夕的依恋的句子是_________。",
  "answer": [
    "两情若是久长时，又岂在朝朝暮暮"
  ]
},
{
  "question": "《鹊桥仙》巧妙表现牛郎织女临别时依恋怅惘的句子是_________。",
  "answer": [
    "忍顾鹊桥归路"
  ]
},
{
  "question": "《鹊桥仙》中，_________照应'银汉迢迢'，以景设喻，写两情相会温柔缠绵；_________写七夕佳期竟然像梦幻，才相见又分离，怎不令人心碎！",
  "answer": [
    "柔情似水，佳期如梦"
  ]
}