{
  "屈原列传节选": [
    {
      "question": "在《屈原列传节选》中，作者司马迁对'离骚'一词作出自己的解释的句子是：_________。",
      "answer": [
        "'离骚'者，犹离忧也"
      ]
    },
    {
      "question": "在《屈原列传节选》中，司马迁认为屈原《离骚》的创作背景除了楚怀王听信谗言、不能明辨是非以外，还有'_________'，一针见血地指出了当时朝廷小人当道、正直之人遭到排挤的黑暗现实。",
      "answer": [
        "邪曲之害公也，方正之不容也"
      ]
    },
    {
      "question": "在《屈原列传节选》中，司马迁认为屈原作《离骚》的另外一个原因可能是'怨生'，也就是心中有怨气，而导致屈原有怨气的直接原因是因为屈原'_________'。",
      "answer": [
        "信而见疑，忠而被谤"
      ]
    },
    {
      "question": "在《屈原列传节选》中，作者司马迁连用了'_________'这两个被动句写出了屈原诚信待人却被猜疑、忠心耿耿却被诽谤的现实，为下文写屈原心生怨气并作《离骚》作铺垫。",
      "answer": [
        "信而见疑，忠而被谤"
      ]
    },
    {
      "question": "一个人在辛苦困倦到极点的时候，往往会仰头长叹：'天啊！'，这种情况在司马迁的《屈原列传节选》中有形象的描述：_________。",
      "answer": [
        "故劳苦倦极，未尝不呼天也"
      ]
    },
    {
      "question": "在《屈原列传节选》中，司马迁为了论证'父母，是人类的根本'这一观点，举了'_________'这一例子进行了论证。",
      "answer": [
        "疾痛惨怛，未尝不呼父母也"
      ]
    },
    {
      "question": "在《屈原列传节选》中，司马迁对《诗经》里的《国风》和《小雅》进行了评价的句子是：_________。",
      "answer": [
        "《国风》好色而不淫，《小雅》怨诽而不乱"
      ]
    },
    {
      "question": "在《屈原列传节选》中，司马迁分析了屈原《离骚》用来列举事实讽刺当世政治的包括'_________'这三方面。",
      "answer": [
        "上称帝喾，下道齐桓，中述汤、武"
      ]
    },
    {
      "question": "在《屈原列传节选》中，司马迁对屈原的《离骚》评价极高，其中认为其文字简练、用辞精到的两句是：_________。",
      "answer": [
        "其文约，其辞微"
      ]
    },
    {
      "question": "在《屈原列传节选》中，司马迁认为屈原《离骚》文章的内容虽然细小但含义却极弘大，所举的事例虽然浅近但意义却很深远的两句是：_________。",
      "answer": [
        "其称文小而其指极大，举类迩而见义远"
      ]
    },
    {
      "question": "我们读屈原的《离骚》，发现屈原在文章中经常用香花芳草作比喻，关于这一点，司马迁在《屈原列传节选》中作出了自己的解释：_________。",
      "answer": [
        "其志洁，故其称物芳"
      ]
    },
    {
      "question": "在《屈原列传节选》中，司马迁对屈原的为人作出了高度的评价，其中认为他志向远大，即使与日月对照，光辉也毫不逊色的句子是：_________。",
      "answer": [
        "推此志也，虽与日月争光可也"
      ]
    },
    {
      "question": "在《屈原列传节选》中，司马迁认为屈原的《离骚》对于道德的广大崇高，国家安定与动乱的前因后果，没有不作充分反映的的句子是：_________。",
      "answer": [
        "明道德之广崇，治乱之条贯，靡不毕见"
      ]
    },
    {
      "question": "司马迁用比喻高度评价屈原之志'_________'。",
      "answer": [
        "推此志也，虽与日月争光可也"
      ]
    },
    {
      "question": "说屈原出淤泥而不染'_________'。",
      "answer": [
        "自疏濯淖污泥之中，蝉蜕于浊秽，以浮游尘埃之外，不获世之滋垢，皭然泥而不滓者也"
      ]
    },
    {
      "question": "屈原'怨'的原由是：'_________'？",
      "answer": [
        "信而见疑，忠而被谤，能无怨乎"
      ]
    },
    {
      "question": "《离骚》的文风特点是：'_________'。",
      "answer": [
        "其文约，其辞微"
      ]
    }
  ]
}