{
  "涉江采芙蓉": [
    {
      "question": "《涉江采芙蓉》中抒发了主人公担忧此生无缘相聚的忧伤，又表达出自己对爱情的忠贞的诗句是：_________。",
      "answer": [
        "同心而离居，忧伤以终老"
      ]
    },
    {
      "question": "《涉江采芙蓉》中'_________'运用比兴手法写抒情主人公形象的雅洁及营造清幽、高洁的意境。",
      "answer": [
        "涉江采芙蓉，兰泽多芳草"
      ]
    },
    {
      "question": "《涉江采芙蓉》中，'_________'两句话写出了游子从眼前想到此后生涯，想到两个相爱的人此生都不能相聚相守，游子的情绪更加黯然销魂。",
      "answer": [
        "同心而离居，忧伤以终老"
      ]
    },
    {
      "question": "《涉江采芙蓉》中，'_________'这两句话，诗角度变了，转为从远在洛阳求仕的游子方面写。在这样一个季节里，自然想起家乡采莲一事，只是举目远望，回乡的路途绵延无尽。",
      "answer": [
        "还顾望旧乡，长路漫浩浩"
      ]
    },
    {
      "question": "描绘出游子望乡的感人情景的诗是：_________。",
      "answer": [
        "还顾望旧乡，长路漫浩浩"
      ]
    },
    {
      "question": "抒发了主人公担忧此生无缘相聚的忧伤，又表达出自己对爱情的忠贞的诗句是：_________。",
      "answer": [
        "同心而离居，忧伤以终老"
      ]
    },
    {
      "question": "《涉江采芙蓉》中描写了一副女子们在江中采莲，而湖岸泽畔还有着数不清的芳草的美好、欢乐的画面的句子是：_________。",
      "answer": [
        "涉江采芙蓉，兰泽多芳草"
      ]
    }
  ]
}