{
  "声声慢": [
    {
      "question": "李清照《声声慢》（寻寻觅觅）中有七组十四个叠字，'_________'犹如信手拈来，看似平淡，无一愁字，却写得字字含愁，造成了一种如注如诉的音韵效果，委婉细致地表达了作者在遭受深创巨痛后的愁苦之情。",
      "answer": [
        "寻寻觅觅，冷冷清清，凄凄惨惨戚戚"
      ]
    },
    {
      "question": "李清照的《声声慢》（寻寻觅觅）中的'_________'句子是由景入情，情景交融。作者感情慢慢融入落花，对花自怜，黯然伤神。",
      "answer": [
        "满地黄花堆积，憔悴损，如今有谁堪摘"
      ]
    },
    {
      "question": "在《声声慢》（寻寻觅觅），写出了天气反复无常，词人难以入眠的句子是：_________。",
      "answer": [
        "乍暖还寒时候，最难将息"
      ]
    },
    {
      "question": "古人有'借酒消愁'一说，词人李清照也不例外。在《声声慢》（寻寻觅觅）中，写到词人本欲用酒来打发愁情，没想到还是驱不散晚风带来的寒意的句子是：_________。",
      "answer": [
        "三杯两盏淡酒，怎敌他、晚来风急"
      ]
    },
    {
      "question": "李清照的《声声慢》（寻寻觅觅）借大雁表达对故国、亡夫以及家乡的思念之情的句子是：_________。",
      "answer": [
        "雁过也，正伤心，却是旧时相识"
      ]
    },
    {
      "question": "李清照的《声声慢》（寻寻觅觅）中，'_________'这一生活状态的描写和心理活动的刻画表达了词人无边无际的孤独和度日如年的煎熬之情。",
      "answer": [
        "守着窗儿，独自怎生得黑"
      ]
    },
    {
      "question": "李清照在《声声慢》（寻寻觅觅）中用黄昏时刻的梧桐和细雨表达自己无垠的愁情的句子是：_________。",
      "answer": [
        "梧桐更兼细雨，到黄昏、点点滴滴"
      ]
    },
    {
      "question": "《声声慢》（寻寻觅觅）中，词人直抒胸臆表达自己心中愁情的句子是：_________。",
      "answer": [
        "这次第，怎一个愁字了得"
      ]
    }
  ]
}