{
  "五代史伶官传序": [
    {
      "question": "《五代史伶官传序》引用'满招损，谦得益'（《尚书》）作为论据，再结合庄宗的实例，欧阳修得出结论：_________。",
      "answer": [
        "忧劳可以兴国，逸豫可以亡身"
      ]
    },
    {
      "question": "《五代史伶官传序》中，欧阳修一句'_________'与孟子的名句'生于忧患，死于安乐'有异曲同工之妙。",
      "answer": [
        "忧劳可以兴国，逸豫可以亡身"
      ]
    },
    {
      "question": "《五代史伶官传序》中，欧阳修在文章开头用兼带感叹语气的反诘句提出了此文的中心论点：'_________'！令人鲜明，催人谨醒。",
      "answer": [
        "盛衰之理，虽曰天命，岂非人事哉"
      ]
    },
    {
      "question": "《五代史伶官传序》中，欧阳修描绘庄宗李存勖兴衰成败的史实，欲抑先扬，一盛'_________'一衰'一夫夜呼，乱者四应，仓皇东出，未及见贼而士卒离散，君臣相顾，不知所归'的对比，一褒一贬的抒情，力透纸背，给人以强烈的碰撞感、落差感，引起读者心灵的震颤。",
      "answer": [
        "方其系燕父子以组，函梁君臣之首，入于太庙，还矢先王而告以成功"
      ]
    },
    {
      "question": "庄宗李存勖取得天下后，骄奢淫逸，重用伶官，荒废朝政，最后众叛亲离、士卒离散，仅有的些许忠臣还被庄宗逼着以发代首，发誓效忠。欧阳修《五代史伶官传序》一文，用'_________'一句再现了当时君臣相泣的情景，何其衰败啊。",
      "answer": [
        "至于誓天断发，泣下沾襟"
      ]
    },
    {
      "question": "《五代史伶官传序》中，欧阳修连用两个反问句'_________'否定了天下的得失是因为打天下容易，守天下难，而是都由人事决定。",
      "answer": [
        "岂得之难而失之易欤？抑本其成败之迹而皆自于人欤"
      ]
    },
    {
      "question": "《五代史伶官传序》中，欧阳修指出应注重生活的小事，不要过于沉迷于所钟爱之事的句子是：_________！",
      "answer": [
        "夫祸患常积于忽微，而智勇多困于所溺，岂独伶人也哉"
      ]
    }
  ]
}