{
  "无衣": [
    {
      "question": "《无衣》中，描写将士们修理铠甲兵器，共同赶赴战场的句子是：_________。",
      "answer": [
        "修我甲兵，与子偕行"
      ]
    },
    {
      "question": "《无衣》中，描写将士们团结友爱，同穿衬衫的句子是：_________。",
      "answer": [
        "岂曰无衣？与子同泽"
      ]
    },
    {
      "question": "《无衣》中，描写将士们团结友爱，同穿下衣的句子是：_________。",
      "answer": [
        "岂曰无衣？与子同裳"
      ]
    },
    {
      "question": "《无衣》中，描写将士们修理矛戟，准备一个行动的句子是：_________。",
      "answer": [
        "修我矛戟，与子偕作"
      ]
    },
    {
      "question": "《无衣》中，描写将士们团结友爱，同穿战袍的句子是：_________。",
      "answer": [
        "岂曰无衣？与子同袍"
      ]
    },
    {
      "question": "《无衣》中，描写君王要发兵了，要修理好戈矛准备战斗的句子是：_________。",
      "answer": [
        "王于兴师，修我戈矛"
      ]
    },
    {
      "question": "有人说《无衣》这首诗的语言有强烈的动作性，主要表现在'_________'三句上，这使人想象到战士们在磨刀擦枪，舞戈挥戟的热烈场面。",
      "answer": [
        "与子同仇，与子偕作，与子偕行"
      ]
    }
  ]
}