{
  "燕歌行": [
    {
      "question": "在高适的《燕歌行》中，'_________'两句通过写汉将带兵出征时金鼓震天、大摇大摆前进的场面，刻画了一位临战轻敌的统帅形象，为下文的战败被困作反衬。",
      "answer": [
        "摐金伐鼓下榆关，旌旆逶迤碣石间"
      ]
    },
    {
      "question": "在高适的《燕歌行》中，'_________'两句用战士们在前方杀敌的出生入死与汉将在军帐中的轻歌曼舞作对比，控诉了汉将不懂得体恤士兵，为下文写战败埋下了伏笔。",
      "answer": [
        "战士军前半死生，美人帐下犹歌舞"
      ]
    },
    {
      "question": "有战争就会有别离，甚至是生死离别。在高适的《燕歌行》中，'_________'两句通过描写思妇和征夫分别后对对方的思念，从侧面折射出战争的残酷。",
      "answer": [
        "少妇城南欲断肠，征人蓟北空回首"
      ]
    },
    {
      "question": "在高适的《燕歌行》中，'_________'两句一实一虚，既写出了战士们打仗的辛苦，又写出了家中妻子对远征战士的思念之情。",
      "answer": [
        "铁衣远戍辛勤久，玉箸应啼别离后"
      ]
    },
    {
      "question": "在初唐时期，在战场上建立功业是很多人追求的目标，奔赴边塞为国建功也一度成为一种社会风气，高适的《燕歌行》中的'_________'这一句就是很好的证明。此外，对于敢于为国效力人，最高统治者表现出来的态度是：'_________'，这就直接推动了这种风气的形成。",
      "answer": [
        "男儿本自重横行",
        "天子非常赐颜色"
      ]
    },
    {
      "question": "在高适的《燕歌行》中，'_________'这一句通过前方的急报侧面写出了敌人进攻速度之快，'_________'这一句则直接描写了敌军侵袭时的来势汹汹。",
      "answer": [
        "校尉羽书飞瀚海",
        "胡骑凭陵杂风雨"
      ]
    },
    {
      "question": "在高适的《燕歌行》中，'_________'两句对边塞黄昏时风景的描写，渲染了一种悲壮的气氛，暗示着战争的失败。",
      "answer": [
        "大漠穷秋塞草腓，孤城落日斗兵稀"
      ]
    },
    {
      "question": "同样是描写塞外黄昏时的风景，王维的《使至塞上》是'大漠孤烟直，长河落日圆'的雄奇壮阔，而高适的《燕歌行》则是'_________'的凄凉与悲壮。",
      "answer": [
        "大漠穷秋塞草腓，孤城落日斗兵稀"
      ]
    },
    {
      "question": "李广是西汉时期抗击匈奴的名将，王昌龄在《出塞》中用'但使龙城飞将在，不教胡马度阴山'表达对其仰慕与赞颂之情，高适的《燕歌行》也提到了李广，这两句是：'_________'，委婉地表达了对如今带兵出塞边疆打仗的将军的不满。",
      "answer": [
        "君不见沙场征战苦，至今犹忆李将军"
      ]
    }
  ]
}