{
    "永遇乐·京口北固亭怀古": [
      {
        "question": "在《永遇乐·京口北固亭怀古》中，辛弃疾回顾了元嘉年间的那次北伐，南朝宋文帝刘义隆本希望能够“_____________”，但由于行事草率，最终却“____________”。",
        "answer": [
          "封狼居胥",
          "赢得仓皇北顾"
        ]
      },
      {
        "question": "在《永遇乐·京口北固亭怀古》中，词人起笔便抒发江山依旧、英雄不再、后继无人的感慨的句子是：“______________，_________________。”",
        "answer": [
          "千古江山英雄",
          "无觅孙仲谋处"
        ]
      },
      {
        "question": "在《永遇乐·京口北固亭怀古》中，词人登临京口北固亭，想起英雄人物刘寄奴，发出对他北伐赫赫战功赞叹的句子是：“___________，________，________。”",
        "answer": [
          "想当年",
          "金戈铁马",
          "气吞万里如虎"
        ]
      },
      {
        "question": "词人辛弃疾在《永遇乐·京口北固亭怀古》中以廉颇自比，抒发报国无门，壮志难酬的悲愤之情的句子是：“____________：__________，__________？”",
        "answer": [
          "凭谁问",
          "廉颇老矣",
          "尚能饭否"
        ]
      },
      {
        "question": "辛弃疾《永遇乐·京口北固亭怀古》写宋文帝刘义隆草率出师北伐，结果落得北望敌军而惊慌失措的三句是“__________，__________，__________”。",
        "answer": [
          "元嘉草草",
          "封狼居胥",
          "赢得仓皇北顾"
        ]
      },
      {
        "question": "“烈士暮年，壮心不已。”辛弃疾一生立志收复中原，可惜朝廷早已将他遗忘，他只好在《永遇乐·京口北固亭怀古》中以“凭谁问：__________，__________”来抒发壮志难酬的悲愤之情。",
        "answer": [
          "廉颇老矣",
          "尚能饭否"
        ]
      },
      {
        "question": "辛弃疾在《永遇乐·京口北固亭怀古》中，回想起刘裕挥师北伐、收复中原故土的历史事实，把其形象地概括为振奋人心的“__________，__________”两句。",
        "answer": [
          "金戈铁马",
          "气吞万里如虎"
        ]
      },
      {
        "question": "《永遇乐·京口北固亭怀古》是南宋词人辛弃疾的忧愤之作，其中“__________，__________”两句，写人们已忘却战败的历史，最为沉痛。",
        "answer": [
          "佛狸祠下",
          "一片神鸦社鼓"
        ]
      },
      {
        "question": "辛弃疾在《永遇乐·京口北固亭怀古》中写孙权时期的旧迹已被岁月洗涤净尽的两句是“__________，__________”。",
        "answer": [
          "舞榭歌台",
          "风流总被雨打风吹去"
        ]
      },
      {
        "question": "辛弃疾在《永遇乐·京口北固亭怀古》中赞叹刘裕北伐的强大气势的两句是：“__________，___________。”",
        "answer": [
          "金戈铁马",
          "气吞万里如虎"
        ]
      },
      {
        "question": "辛弃疾《永遇乐·京口北固亭怀古》中写宋文帝刘义隆草率出师北伐，结果落得北望敌军而惊慌失措的三句是：“___________，___________，_________。”",
        "answer": [
          "元嘉草草",
          "封狼居胥",
          "赢得仓皇北顾"
        ]
      },
      {
        "question": "辛弃疾《永遇乐·京口北固亭怀古》中以“_____________，_______________”两句，抒发了对东吴繁华、孙权业绩已随历史而去的感慨。",
        "answer": [
          "舞榭歌台",
          "风流总被雨打风吹去"
        ]
      },
      {
        "question": "辛弃疾《永遇乐·京口北固亭怀古》中描写刘寄奴驰骋战场，所向披靡的句子是“_________________，________________”。",
        "answer": [
          "金戈铁马",
          "气吞万里如虎"
        ]
      },
      {
        "question": "辛弃疾《永遇乐·京口北固亭怀古》中借古讽今，用“_______________，___________________，________________”来告诫南宋统治阶级不要草率北伐，重蹈覆辙。",
        "answer": [
          "元嘉草草",
          "封狼居胥",
          "赢得仓皇北顾"
        ]
      },
      {
        "question": "辛弃疾《永遇乐·京口北固亭怀古》中“________________，_____________”两句描写庙宇下神鸦社鼓的热闹景象，意在指出人们早已忘却战败的耻辱。",
        "answer": [
          "佛狸祠下",
          "一片神鸦社鼓"
        ]
      },
      {
        "question": "辛弃疾在《永遇乐·京口北固亭怀古》中借用廉颇的典故，表明自己虽然年老却是壮志犹存，希望能够为国立功的句子是“________________，_______________”。",
        "answer": [
          "廉颇老矣",
          "尚能饭否"
        ]
      }
    ]
  }