{
  "虞美人": [
    {
      "question": "李煜在《虞美人》（春花秋月何时了）一词中一个诗句惊心动魄，把李煜的愁闷劈空倾泻下来，这个句子是：_________。这其中包含宇宙的永恒和人生的短暂无常之意。",
      "answer": [
        "春花秋月何时了？往事知多少"
      ]
    },
    {
      "question": "李煜在《虞美人》（春花秋月何时了）一词中直接抒发亡国之恨的句子是：_________。",
      "answer": [
        "小楼昨夜又东风，故国不堪回首月明中"
      ]
    },
    {
      "question": "李煜的《虞美人》（春花秋月何时了）一词中词人遥望金陵，并传出物是人非的无限怅恨的感叹的句子是：_________。",
      "answer": [
        "雕栏玉砌应犹在，只是朱颜改"
      ]
    },
    {
      "question": "李煜在《虞美人》（春花秋月何时了）一词中用比喻、夸张、设问手法写出愁思的多与深广的句子是：_________。",
      "answer": [
        "问君能有几多愁？恰似一江春水向东流"
      ]
    },
    {
      "question": "李煜的《虞美人》（春花秋月何时了）一词中用对比手法，反衬出人生无常的句子是：_________。",
      "answer": [
        "雕栏玉砌应犹在，只是朱颜改"
      ]
    },
    {
      "question": "李煜的《虞美人》（春花秋月何时了）一词中以水喻愁，将抽象的情感形象化的句子是：_________。",
      "answer": [
        "问君能有几多愁？恰似一江春水向东流"
      ]
    }
  ]
}