{
  "子路曾皙冉有公西华侍坐": [
    {
      "question": "文中孔子不以年长自居，采用循循善诱的教学方法，使三个弟子毫无顾虑地说了各自志向：'_________'。",
      "answer": [
        "以吾一日长乎尔，毋吾以也。居则曰：'不吾知也！'如或知尔，则何以哉"
      ]
    },
    {
      "question": "文中面对孔子的提问，个性鲁莽却率真的子路急忙回答道：'_________'。",
      "answer": [
        "千乘之国，摄乎大国之间，加之以师旅，因之以饥馑；由也为之，比及三年，可使有勇，且知方也"
      ]
    },
    {
      "question": "文中面对孔子的询问，公西华认为自己能力不足仍需要学习，对于宗庙祭祀之事，他说：'_________'。",
      "answer": [
        "端章甫，愿为小相焉"
      ]
    },
    {
      "question": "孔子认为'礼'在国家治理中有重要的地位。在《侍坐》中他嗤笑子路是因为子路：'_________'。",
      "answer": [
        "为国以礼，其言不让"
      ]
    },
    {
      "question": "文中面对孔子的询问，曾晳描绘了一幅在大自然里沐浴着风，一路酣歌的美丽动人的景象的语句是：'_________'。",
      "answer": [
        "浴乎沂，风乎舞雩，咏而归"
      ]
    },
    {
      "question": "文中孔子没有直接让弟子言志，而是先用温和自谦的话打消学生的顾虑，为他们创造一个轻松、亲切、活跃的环境。他说：'_________'。",
      "answer": [
        "以吾一日长乎尔，毋吾以也"
      ]
    },
    {
      "question": "文中对于子路的回答，孔子没有直接表态，而是用'_________'去暗示，这既是暗示性的批评，又不伤其自尊。",
      "answer": [
        "夫子哂之"
      ]
    },
    {
      "question": "文中孔子最赞同曾晳的回答，从'_________'这句话可以看出来。",
      "answer": [
        "夫子喟然叹曰：'吾与点也！'"
      ]
    },
    {
      "question": "文中写孔子哂笑子路的原因的句子是：'_________'。",
      "answer": [
        "为国以礼，其言不让"
      ]
    },
    {
      "question": "文中从言谈、动作、神态可以看出四个学生不同的性格特点。子路的性格直率，从'_________'可以看出；冉有比较谦虚，从他述志时说'_________'可以看出；公西华更谦虚，从'_________'的对话可以看出；曾晳从容洒脱而又谦恭，从'_________'的动作神态中可以看出。",
      "answer": [
        "率尔而对",
        "如其礼乐，以俟君子",
        "非曰能之，愿学焉。宗庙之事，如会同，端章甫，愿为小相焉",
        "鼓瑟希，铿尔，舍瑟而作"
      ]
    }
  ]
}